incident,latitude,longitude
2017-12-19 11:00:00,19.119824,72.846531
2018-09-06 16:00:00,19.128306,72.83024300000002
2018-04-05 18:00:00,19.060828,72.83623399999998
2017-12-15 04:00:00,18.954512,72.812649
2018-12-03 14:45:00,18.934544,72.82520500000003
2018-03-19 14:44:00,18.929777,72.826835
2018-08-03 14:43:00,18.934544,72.82520500000003
2018-05-03 14:41:00,18.929777,72.826835
2018-08-02 14:40:00,18.934544,72.82520500000003
2018-03-14 14:39:00,18.934544,72.82520500000003
2018-07-03 14:37:00,18.934544,72.82520500000003
2018-02-03 14:36:00,18.929777,72.826835
2018-03-14 14:35:00,18.934544,72.82520500000003
2018-06-03 14:34:00,18.929777,72.826835
2018-09-03 14:32:00,18.929839,72.826802
2018-05-03 14:30:00,18.937396,72.83502299999998
2018-03-13 14:29:00,18.929777,72.826835
2018-03-14 14:28:00,18.934544,72.82520500000003
2018-03-23 19:00:00,18.934544,72.82520500000003
2018-02-13 14:25:00,18.929777,72.826835
2018-03-23 14:23:00,18.934544,72.82520500000003
2018-03-20 14:20:00,18.929839,72.826802
2018-03-20 14:19:00,18.934544,72.82520500000003
2018-01-23 14:13:00,18.934544,72.82520500000003
2017-12-29 18:00:00,19.066598000000006,72.825699
2017-12-20 17:00:00,19.066476,72.825699
2018-01-24 18:00:00,19.066476,72.825699
2017-11-17 20:00:00,19.066476,72.825699
2017-12-14 15:00:00,19.066765,72.826163
2017-12-09 18:00:00,19.066765,72.826163
2017-06-16 21:00:00,19.066476,72.825699
2017-11-21 21:00:00,19.066765,72.826163
2018-01-19 15:00:00,19.066476,72.825699
2017-12-07 14:00:00,19.066765,72.826163
2018-03-01 19:00:00,19.066476,72.825699
2018-01-17 13:00:00,19.066476,72.825699
2017-12-14 14:00:00,19.066476,72.825699
2018-10-01 19:00:00,19.066765,72.826163
2017-10-18 07:00:00,19.066765,72.826163
2018-01-26 21:00:00,19.066765,72.826163
2018-07-02 18:00:00,19.066765,72.826163
2017-12-22 07:00:00,19.102662,72.837639
2017-08-22 18:00:00,19.102662,72.837639
2018-03-22 20:00:00,19.102662,72.837639
2018-03-21 12:00:00,19.102612,72.837704
2017-10-22 12:00:00,19.102662,72.837639
2017-02-11 18:00:00,19.102836,72.837283
2018-01-23 22:00:00,19.103052,72.846691
2018-01-23 17:00:00,19.103052,72.846691
2017-01-06 20:00:00,19.103471,72.836799
2018-02-14 01:00:00,19.103052,72.846691
2018-02-15 17:00:00,19.103052,72.846691
2017-05-07 14:00:00,19.103542,72.836883
2018-01-02 17:00:00,19.103052,72.846691
2018-02-28 17:00:00,19.103052,72.846691
2017-06-09 03:00:00,19.103528,72.83686800000002
2018-01-24 18:00:00,19.102836,72.837283
2018-01-25 17:00:00,19.102836,72.837283
2017-11-29 17:00:00,19.102836,72.837283
2018-03-01 14:00:00,19.103224,72.83659
2017-11-30 13:00:00,19.102836,72.837283
2017-09-08 16:00:00,19.103224,72.83659
2018-01-14 07:00:00,19.102836,72.837283
2017-04-12 14:00:00,19.103052,72.846691
2018-10-01 20:00:00,19.103052,72.846691
2017-11-15 12:00:00,19.103052,72.846691
2018-09-01 14:00:00,19.103052,72.846691
2018-02-23 12:00:00,19.102836,72.837283
2017-08-24 01:00:00,19.103224,72.83659
2018-02-13 18:00:00,18.932245,72.826438
2018-02-21 22:00:00,18.932245,72.826438
2018-02-13 23:59:00,18.932245,72.826438
2018-02-15 23:58:00,18.932245,72.826438
2018-07-02 18:00:00,18.932245,72.826438
2018-02-15 23:55:00,18.932245,72.826438
2018-02-13 14:00:00,18.932245,72.826438
2018-02-14 23:51:00,18.932245,72.826438
2018-08-02 23:50:00,18.932245,72.826438
2018-01-17 13:00:00,18.932245,72.826438
2018-05-02 02:00:00,18.932245,72.826438
2018-02-13 06:00:00,18.932245,72.826438
2018-06-02 14:00:00,18.932245,72.826438
2018-06-02 06:00:00,18.953253,72.837983
2018-07-02 14:00:00,18.932245,72.826438
2018-03-21 23:32:00,18.932245,72.826438
2018-01-01 22:00:00,18.932245,72.826438
2018-09-01 22:00:00,18.932245,72.826438
2018-08-02 19:00:00,19.173711,72.86052099999998
2018-09-01 15:27:00,18.954512,72.812649
2018-02-01 20:00:00,18.954512,72.812649
2018-06-02 19:00:00,18.954512,72.812649
2018-09-01 19:00:00,18.954512,72.812649
2018-01-16 22:00:00,18.954512,72.812649
2018-05-02 20:00:00,19.096903,72.826565
2018-11-02 23:00:00,19.059984,72.889999
2018-04-02 23:00:00,19.059984,72.889999
2018-10-02 23:00:00,19.059984,72.889999
2018-02-14 23:00:00,19.059902,72.890321
2018-07-02 20:00:00,19.096903,72.826565
2018-01-15 13:00:00,18.954512,72.812649
2017-10-24 12:00:00,18.954512,72.812649
2018-01-24 12:00:00,18.954512,72.812649
2018-09-01 16:00:00,18.954512,72.812649
2018-03-21 12:00:00,18.954512,72.812649
2017-12-13 19:00:00,18.954512,72.812649
2018-01-15 18:00:00,18.954512,72.812649
2018-11-02 12:00:00,18.93526,72.837151
2018-01-17 17:00:00,18.954512,72.812649
2017-12-13 10:00:00,18.954512,72.812649
2018-10-01 05:00:00,18.954512,72.812649
2017-06-09 19:00:00,18.954512,72.812649
2017-06-09 21:00:00,18.954512,72.812649
2018-03-01 02:00:00,19.096903,72.826565
2017-12-19 18:00:00,19.107175,72.84144
2017-12-19 17:00:00,19.107175,72.84144
2018-02-19 20:00:00,19.107357,72.83655300000002
2017-06-19 20:00:00,19.105465,72.837164
2017-10-19 14:00:00,18.935188,72.82684499999998
2017-11-19 11:00:00,18.93462,72.824185
2017-12-19 14:00:00,18.93529,72.82676
2017-10-19 11:00:00,18.934356,72.82573000000002
2017-08-19 11:00:00,18.934376,72.825687
2017-07-19 14:00:00,19.066545,72.82386600000002
2017-12-19 11:00:00,19.103743,72.836791
2017-08-19 13:00:00,19.103626,72.836801
2018-02-19 10:49:00,19.103455,72.836984
2017-06-19 15:00:00,19.107382,72.84062
2017-08-19 12:00:00,18.935825,72.82682
2017-11-19 17:00:00,18.934336,72.82706800000003
2017-07-19 11:00:00,18.934489000000006,72.824139
2017-10-19 05:00:00,18.934066,72.82776
2017-12-19 06:00:00,18.935911,72.82685500000002
2017-06-12 12:00:00,18.935167,72.82696700000002
2017-08-25 18:00:00,19.096903,72.826565
2017-11-16 23:00:00,18.934258,72.825507
2017-11-16 13:00:00,18.934368,72.824877
2017-11-16 19:00:00,18.934413,72.824697
2017-09-16 20:00:00,19.064857,72.834409
2017-12-16 22:00:00,19.06434,72.834763
2017-12-16 20:00:00,19.06433,72.834827
2017-08-16 19:00:00,19.064639,72.83434399999999
2018-01-17 17:00:00,19.10349,72.837091
2017-08-16 15:00:00,19.103085,72.836739
2017-12-16 22:00:00,19.104375,72.83688599999998
2018-02-16 21:27:00,19.103219,72.836585
2017-01-06 18:00:00,19.066766,72.826167
2018-01-24 15:49:00,18.934173,72.825858
2017-10-18 10:08:00,19.065599,72.879154
2017-06-29 10:07:00,19.229925,72.85561
2017-10-20 10:05:00,19.229925,72.85561
2017-06-11 10:04:00,19.227747,72.855655
2017-09-18 10:03:00,19.229925,72.85561
2017-10-23 10:01:00,19.229925,72.85561
2017-06-22 09:59:00,19.229925,72.85561
2017-08-29 09:58:00,19.229925,72.85561
2017-10-26 09:57:00,19.229925,72.85561
2017-09-17 09:56:00,19.229925,72.85561
2017-02-09 09:54:00,19.227747,72.855655
2017-12-06 09:42:00,19.229925,72.85561
2017-04-09 09:41:00,19.229925,72.85561
2017-10-16 09:40:00,19.227747,72.855655
2017-09-13 09:38:00,19.227747,72.855655
2017-10-17 12:00:00,19.227747,72.855655
2017-10-20 09:34:00,19.227747,72.855655
2017-10-26 13:00:00,19.229925,72.85561
2017-10-10 09:32:00,19.227747,72.855655
2017-09-09 09:30:00,19.229925,72.85561
2017-10-06 11:48:00,19.225613,72.85561
2017-08-23 11:46:00,19.229925,72.85561
2017-09-11 11:45:00,19.225613,72.85561
2017-09-11 11:44:00,19.225613,72.85561
2017-07-10 11:42:00,19.225613,72.85561
2017-10-23 11:41:00,19.229925,72.85561
2017-10-23 11:39:00,19.229925,72.85561
2017-10-11 11:38:00,19.229925,72.85561
2017-09-11 11:36:00,19.229925,72.85561
2017-10-19 11:35:00,19.229925,72.85561
2017-10-23 11:30:00,19.229925,72.85561
2017-07-10 09:00:00,19.229925,72.85561
2017-10-23 08:58:00,19.225613,72.85561
2017-06-20 08:57:00,19.225613,72.85561
2017-04-11 08:56:00,19.229925,72.85561
2017-11-13 08:54:00,19.229925,72.85561
2017-09-19 12:00:00,19.229925,72.85561
2017-11-13 08:51:00,19.229925,72.85561
2017-11-13 13:00:00,19.229925,72.85561
2017-11-13 12:00:00,19.229925,72.85561
2017-10-23 12:00:00,19.227747,72.855655
2017-10-20 11:00:00,19.225613,72.85561
2017-07-19 13:00:00,19.227747,72.855655
2017-11-13 11:00:00,19.229925,72.85561
2017-03-11 08:11:00,19.227747,72.855655
2017-11-13 08:09:00,19.229925,72.85561
2017-10-31 13:00:00,19.227747,72.855655
2017-02-11 21:00:00,19.227747,72.855655
2017-07-11 21:00:00,19.229925,72.85561
2017-09-13 22:00:00,19.229925,72.85561
2017-06-10 22:00:00,19.229925,72.85561
2017-02-11 21:00:00,19.229925,72.85561
2017-01-11 21:00:00,19.229925,72.85561
2017-11-17 18:09:00,19.229925,72.85561
2017-03-11 22:00:00,19.229925,72.85561
2017-09-30 21:00:00,19.229925,72.85561
2017-10-18 21:00:00,19.118738,72.846378
2017-03-11 20:00:00,19.118738,72.846378
2017-09-27 20:00:00,19.118738,72.846378
2017-10-26 21:00:00,19.119869,72.846936
2017-09-13 20:00:00,19.118738,72.846378
2017-07-18 20:00:00,19.118738,72.846378
2017-02-11 20:00:00,19.118738,72.846378
2017-10-16 17:29:00,19.118738,72.846378
2017-08-16 17:27:00,19.118738,72.846378
2017-09-15 17:23:00,19.118738,72.846378
2017-08-23 17:21:00,19.118738,72.846378
2017-03-11 14:00:00,19.118738,72.846378
2017-11-10 17:16:00,19.118738,72.846378
2017-09-21 09:00:00,19.118738,72.846378
2017-09-15 04:00:00,19.118738,72.846378
2017-10-19 17:00:00,19.118738,72.846378
2017-07-13 14:00:00,19.118738,72.846378
2017-06-13 13:00:00,19.118738,72.846378
2017-10-20 11:00:00,19.119215,72.847039
2017-09-10 20:00:00,19.118738,72.846378
2017-02-11 21:00:00,19.118738,72.846378
2017-12-09 18:00:00,19.136325,72.82766
2017-10-19 17:00:00,19.146258,72.825514
2017-10-24 04:00:00,19.122416,72.830129
2017-10-24 16:30:00,19.096498,72.887834
2017-05-08 20:00:00,18.994044,72.82509
2017-04-06 17:00:00,19.018043,72.84362
2017-01-21 18:00:00,19.102662,72.837639
2016-03-21 22:00:00,19.071588,72.870544
2017-01-21 18:00:00,18.954512,72.812649
2016-09-19 14:00:00,19.103363,72.836703
2016-11-19 03:00:00,19.104012,72.836575
2016-04-19 04:00:00,19.10422,72.83675799999997
2017-11-05 05:00:00,19.096903,72.826565
2015-05-09 10:09:00,18.9506,72.838255
2017-02-21 13:00:00,19.227747,72.855655
2017-05-16 11:27:00,19.225613,72.85561
2017-03-22 12:00:00,19.227747,72.855655
2017-01-19 21:00:00,19.229925,72.85561
2017-04-19 20:00:00,19.118738,72.846378
2017-02-13 13:00:00,18.935287,72.82724
2017-09-02 14:30:00,18.932137,72.827951
2016-08-10 15:30:00,18.934773,72.837001
2016-10-22 22:00:00,19.07935,72.880081
2017-02-17 21:15:00,19.076247,72.87750600000003
2017-02-24 08:45:00,18.935287,72.82724
2017-10-01 21:45:00,19.229427,72.856994
2017-02-21 20:15:00,19.119855,72.84646
2017-02-24 20:00:00,19.141322,72.830973
2016-10-13 21:00:00,18.939821,72.835468
2017-02-17 14:00:00,19.028757,72.858522
2017-02-15 21:30:00,18.935287,72.82724
2016-10-26 14:00:00,19.106317,72.839975
2017-01-23 18:00:00,18.956328,72.82271
2017-12-03 21:30:00,19.187782,72.849254
2017-10-03 14:15:00,19.181188,72.857794
2017-09-03 11:00:00,19.164887,72.849512
2017-03-14 14:30:00,19.086641,72.90799100000002
2017-09-01 19:00:00,18.946287,72.82904
2016-10-18 18:30:00,19.13547,72.829761
2016-12-16 17:00:00,19.060065,72.900283
2017-04-01 13:00:00,19.02638,72.855712
2017-02-14 17:00:00,19.0823,72.8407
2017-12-01 09:00:00,19.026875,72.855335
2017-01-19 16:00:00,19.054793,72.840655
2016-10-18 14:00:00,18.987202,72.82904599999998
2016-06-11 03:00:00,19.11874,72.848241
2016-12-28 04:00:00,19.060692,72.83625
2017-02-26 08:52:00,18.906488,72.81424
2017-02-25 23:00:00,18.945875,72.82344300000003
2017-02-23 13:00:00,19.018341,72.843194
2017-02-23 00:59:00,19.018341,72.84338699999998
2017-05-02 16:00:00,18.91649,72.828467
2017-05-02 15:00:00,18.91649,72.828467
2017-05-02 14:00:00,18.91649,72.828467
2017-12-02 17:00:00,19.021325,72.839788
2017-05-02 18:59:00,18.920116,72.829897
2017-12-02 16:00:00,19.017106,72.840857
2017-12-02 17:00:00,19.017106,72.840857
2017-12-02 16:00:00,19.016964,72.84010500000002
2017-02-16 01:12:00,18.918477,72.828757
2016-11-15 15:00:00,19.018043,72.84362
2016-10-15 18:00:00,19.018043,72.84362
2017-02-15 15:00:00,18.915082,72.825183
2017-05-02 11:00:00,18.915082,72.825183
2017-01-15 12:00:00,18.915082,72.825183
2017-05-02 19:00:00,18.916462,72.827887
2017-05-02 20:00:00,18.916564,72.828445
2017-05-02 20:00:00,18.916543,72.828402
2017-05-02 17:00:00,18.915082,72.825183
2017-05-02 19:00:00,18.915082,72.825183
2017-05-02 20:00:00,18.915082,72.825183
2017-05-01 17:00:00,18.915082,72.825183
2016-12-22 17:00:00,19.064155,72.83484399999998
2017-01-23 19:00:00,19.063921,72.834919
2016-12-22 12:00:00,19.064099,72.83484200000002
2016-12-22 17:00:00,19.063845,72.83498399999998
2016-10-16 17:00:00,19.064104,72.83487099999998
2016-12-23 13:00:00,19.064185,72.83483299999997
2016-12-17 15:00:00,19.063663,72.835053
2016-12-14 15:00:00,19.063556,72.835075
2017-01-22 13:00:00,19.063698,72.835021
2016-12-16 20:00:00,19.063729,72.834994
2016-10-17 12:00:00,19.063815,72.835011
2016-06-23 17:00:00,19.064586,72.83463
2017-01-22 15:00:00,19.063556,72.835107
2016-12-23 12:00:00,19.063835,72.834994
2016-12-16 11:00:00,19.06382,72.834946
2017-01-22 09:00:00,19.063881,72.834978
2016-12-22 12:00:00,19.064631,72.83464599999998
2017-01-22 12:00:00,19.063866,72.834946
2016-10-21 13:00:00,19.063759,72.835021
2017-01-22 20:57:00,19.064996,72.834587
2017-01-22 20:56:00,19.064611,72.834624
2017-01-22 17:00:00,19.063536,72.835091
2017-01-22 20:53:00,19.063764000000006,72.834973
2016-12-23 11:00:00,19.063977,72.83570300000002
2016-09-06 12:00:00,19.063744,72.835059
2017-01-23 20:00:00,19.063754,72.835134
2017-01-23 18:00:00,19.063729,72.83501600000002
2017-01-23 20:00:00,19.063825,72.835499
2016-12-23 12:00:00,19.063759,72.835043
2016-11-23 09:00:00,19.063906,72.835767
2016-12-15 20:36:00,19.063896,72.835552
2016-04-23 17:00:00,19.063764000000006,72.835799
2016-06-23 17:00:00,19.063748,72.83518199999997
2016-06-15 17:00:00,19.063754,72.835306
2016-06-23 17:00:00,19.063754,72.83519799999998
2017-01-23 18:56:00,19.063714,72.835048
2017-01-22 18:40:00,19.063729,72.835
2017-01-22 18:39:00,19.063709,72.83501600000002
2017-01-22 18:37:00,19.066127,72.83407199999998
2017-01-22 18:36:00,19.063749,72.83500500000002
2017-01-22 18:34:00,19.066107,72.834007
2017-01-22 18:33:00,19.063825,72.83498399999998
2017-01-22 18:31:00,19.063805,72.834994
2017-01-22 17:00:00,19.063856,72.835021
2017-01-22 17:00:00,19.0638,72.835064
2017-01-22 17:00:00,19.063795,72.83498399999998
2017-01-22 17:00:00,19.063863,72.834962
2017-01-22 17:00:00,19.063774,72.834973
2017-01-22 17:00:00,19.061774,72.835963
2017-01-22 17:00:00,19.060846,72.836185
2017-01-22 17:00:00,19.061782,72.835939
2017-01-22 17:00:00,19.060692,72.836376
2017-01-22 17:00:00,19.061031,72.83612099999998
2017-01-22 17:00:00,19.06108,72.836065
2017-01-22 17:00:00,19.061087,72.836067
2017-01-22 17:00:00,19.063693,72.83500500000002
2017-01-22 17:00:00,19.063526,72.83515
2017-01-22 17:00:00,19.060649,72.836403
2017-01-22 17:00:00,19.065401,72.834496
2017-01-22 17:00:00,19.060692,72.83625
2017-01-22 17:00:00,19.060469,72.83635699999998
2017-05-01 06:00:00,19.05411,72.83845
2016-01-12 09:00:00,19.071498,72.905606
2016-10-29 16:00:00,19.065396,72.879764
2016-02-12 18:00:00,19.016464000000006,72.858988
2016-01-12 21:00:00,19.037009,72.851917
2016-11-15 12:00:00,19.032261,72.857225
2016-06-18 13:00:00,18.939821,72.835468
2016-10-16 15:00:00,19.026875,72.855335
2016-06-15 10:00:00,18.990196,72.843055
2016-09-14 14:00:00,19.027625,72.851215
2016-11-29 17:35:00,19.041073,72.850408
2016-09-14 22:00:00,19.016464000000006,72.858988
2016-01-11 10:00:00,19.064022,72.880071
2016-11-02 20:00:00,18.962046,72.81420200000002
2016-07-02 21:10:00,18.963675,72.81619
2016-03-20 14:00:00,19.119855,72.84646
2016-05-03 22:00:00,18.963675,72.81619
2016-10-02 09:00:00,18.963675,72.81619
2016-02-07 13:00:00,18.963655,72.81634
2016-02-26 14:00:00,18.968245,72.80735
2016-08-15 07:00:00,19.136489,72.848871
2016-02-13 07:00:00,19.187237,72.848927
2016-11-21 11:00:00,19.119733,72.84671800000002
2016-12-10 21:00:00,19.055124,72.915465
2016-12-26 16:48:00,18.939821,72.835468
2016-12-08 22:12:00,19.103528,72.887962
2016-12-20 20:00:00,19.090806,72.907667
2016-07-09 03:00:00,19.00185,72.81481600000002
2016-12-04 21:00:00,18.957149,72.81544
2016-12-09 21:00:00,18.95158,72.818799
2016-12-03 17:00:00,18.9642,72.815022
2016-12-09 17:00:00,18.947721,72.834184
2016-12-06 16:00:00,18.932245,72.826438
2016-07-06 13:00:00,18.932245,72.826438
2016-03-11 13:00:00,18.939848,72.835328
2016-12-10 13:00:00,18.932245,72.826438
2016-05-11 20:00:00,18.932245,72.826438
2016-04-09 00:45:00,19.058797,72.822785
2016-07-09 07:00:00,19.204516,72.85200999999998
2016-06-11 17:00:00,19.037595,72.855108
2016-06-06 17:00:00,19.045328,72.857016
2016-06-06 10:00:00,19.045315,72.857013
2016-06-12 11:16:00,19.016668,72.865142
2016-08-12 17:43:00,19.103528,72.887962
2016-10-10 20:00:00,18.939821,72.835468
2016-10-12 18:00:00,18.939821,72.835468
2016-12-10 20:00:00,18.939821,72.835468
2016-10-12 20:00:00,18.939821,72.835468
2016-10-11 20:00:00,18.939821,72.835468
2016-11-08 10:00:00,18.939821,72.835468
2016-05-10 20:00:00,18.939821,72.835468
2016-09-11 20:00:00,18.939821,72.835468
2016-11-11 20:00:00,18.939841,72.835296
2016-05-10 01:14:00,18.93989,72.835309
2016-05-10 04:00:00,18.939849,72.835352
2016-09-23 04:00:00,18.939849,72.835352
2016-09-06 18:00:00,18.939869,72.83533
2016-08-11 02:00:00,18.939869,72.83533
2016-02-11 20:00:00,18.939869,72.835352
2016-10-11 03:00:00,18.93989,72.83539499999998
2016-11-16 03:00:00,18.939869,72.83533
2016-02-11 20:00:00,19.055142,72.91546600000002
2016-07-09 17:00:00,18.944869,72.83367199999998
2016-02-03 19:00:00,18.944869,72.83367199999998
2016-07-20 19:00:00,19.171863,72.956503
2016-11-14 22:00:00,18.946033,72.836279
2016-11-11 16:00:00,19.074533,72.871289
2016-10-13 09:00:00,18.944355,72.835952
2016-03-19 19:00:00,19.066595,72.879531
2016-08-22 07:00:00,18.939821,72.835468
2016-11-07 07:00:00,18.939821,72.835468
2016-02-17 18:00:00,18.939821,72.835468
2016-05-09 20:00:00,18.939821,72.835468
2016-07-06 20:00:00,18.939821,72.835468
2016-09-13 11:00:00,18.939821,72.835468
2016-06-14 11:00:00,18.939821,72.835468
2016-03-24 21:00:00,18.939821,72.835468
2016-05-06 17:00:00,18.939821,72.835468
2016-11-16 20:00:00,18.939821,72.835468
2016-07-13 21:00:00,18.939821,72.835468
2015-12-16 21:00:00,19.055121,72.91546600000002
2016-09-04 20:00:00,19.065396,72.879764
2016-11-27 11:00:00,18.939821,72.835468
2016-08-29 18:00:00,18.939821,72.835468
2016-08-11 20:00:00,18.939821,72.835468
2016-11-21 16:30:00,18.939821,72.835468
2016-10-19 19:00:00,18.939821,72.835468
2016-11-22 11:00:00,18.939821,72.835468
2016-11-14 10:00:00,18.939821,72.835468
2015-10-19 16:12:00,18.939821,72.835468
2016-11-25 05:00:00,19.075984,72.877656
2016-11-27 19:00:00,19.074533,72.871289
2016-11-28 18:00:00,19.074533,72.871289
2016-10-27 19:00:00,18.939821,72.835468
2016-11-16 07:00:00,18.939821,72.835468
2016-11-27 08:00:00,18.939821,72.835468
2016-01-11 10:00:00,18.939821,72.835468
2016-09-11 21:00:00,18.939821,72.835468
2016-07-29 21:00:00,18.939821,72.835468
2016-07-15 20:00:00,18.939821,72.835468
2016-11-29 21:00:00,18.939821,72.835468
2016-05-29 10:00:00,18.939821,72.835468
2016-11-29 19:30:00,18.939821,72.835468
2016-05-15 13:50:00,18.939821,72.835468
2016-11-26 15:14:00,18.939821,72.835468
2016-11-28 15:00:00,19.128366,72.83019499999997
2016-01-28 19:00:00,19.075984,72.877656
2016-10-31 23:00:00,19.022629,72.898427
2016-06-21 17:00:00,19.022629,72.898427
2016-05-02 11:00:00,19.022629,72.85448199999998
2016-11-28 21:00:00,19.022629,72.85448199999998
2016-08-31 21:00:00,19.022629,72.85448199999998
2016-11-14 23:00:00,19.064169,72.85448199999998
2016-03-17 19:00:00,19.064169,72.85448199999998
2016-09-13 10:00:00,19.022629,72.85448199999998
2016-10-29 17:00:00,19.022629,72.85448199999998
2016-08-11 09:00:00,19.064169,72.85448199999998
2016-08-30 06:00:00,19.105699,72.85448199999998
2016-02-11 22:00:00,19.018043,72.84362
2016-01-11 12:00:00,19.018043,72.84362
2016-10-25 18:00:00,19.018043,72.84362
2016-09-09 12:00:00,19.018043,72.84362
2016-11-08 16:00:00,19.018043,72.84362
2015-11-21 20:00:00,19.018043,72.84362
2016-05-25 19:00:00,19.018043,72.84362
2016-07-20 13:00:00,19.018043,72.84362
2016-06-25 11:00:00,19.018043,72.84362
2016-06-25 10:00:00,19.018043,72.84362
2016-01-11 11:00:00,19.018043,72.84362
2016-06-25 17:00:00,19.018043,72.84362
2016-09-14 16:00:00,19.018043,72.84362
2016-07-09 10:00:00,19.018043,72.84362
2016-10-09 11:00:00,19.018043,72.84362
2016-09-15 10:00:00,19.018043,72.84362
2016-02-11 11:00:00,19.018043,72.84362
2016-11-25 10:00:00,19.018043,72.84362
2016-05-10 13:00:00,19.018043,72.84362
2016-01-11 21:00:00,19.018043,72.84362
2016-09-06 13:00:00,19.018043,72.84362
2016-11-25 11:58:00,19.018043,72.84362
2016-11-23 23:00:00,19.056781,72.91811700000002
2016-03-11 15:00:00,19.018043,72.84362
2016-02-11 16:00:00,19.018043,72.84362
2016-07-09 16:00:00,19.018043,72.84362
2016-03-11 16:00:00,19.018043,72.84362
2016-07-09 17:00:00,19.018043,72.84362
2016-08-23 14:00:00,19.018043,72.84362
2016-03-11 22:00:00,19.018043,72.84362
2016-11-23 20:00:00,19.018043,72.84362
2016-09-11 10:00:00,19.018043,72.84362
2016-09-23 15:00:00,19.018043,72.84362
2016-01-11 18:00:00,19.018043,72.84362
2016-07-15 21:00:00,19.018043,72.84362
2016-02-11 21:00:00,19.018043,72.84362
2016-08-09 11:00:00,19.018043,72.84362
2016-11-22 14:36:00,19.018043,72.84362
2016-06-22 18:00:00,19.017997,72.843641
2016-02-09 09:00:00,19.018043,72.84362
2016-11-22 20:00:00,19.017962,72.843577
2016-11-22 20:00:00,19.018043,72.84362
2016-09-21 10:00:00,19.018043,72.84362
2016-02-03 20:00:00,19.054678,72.918683
2016-10-24 19:00:00,19.105699,72.810536
2016-09-28 17:00:00,19.105699,72.85448199999998
2016-04-06 17:00:00,19.064169,72.85448199999998
2016-09-20 09:00:00,19.105699,72.810536
2016-10-18 15:00:00,19.105699,72.898427
2016-09-10 20:00:00,19.022629,72.85448199999998
2016-09-11 21:00:00,19.064169,72.898427
2016-06-04 09:00:00,19.064169,72.898427
2016-03-15 14:00:00,19.105699,72.898427
2016-01-11 16:00:00,19.065396,72.879764
2016-02-11 17:00:00,19.065396,72.879764
2016-05-11 08:00:00,19.065396,72.879764
2016-07-09 17:00:00,19.065396,72.879764
2016-07-23 20:00:00,19.065396,72.879764
2016-09-13 19:00:00,19.065396,72.879764
2016-04-21 22:00:00,19.065396,72.879764
2016-04-09 17:00:00,19.065396,72.879764
2016-11-18 21:00:00,19.065396,72.879764
2016-09-21 21:00:00,19.065396,72.879764
2016-10-19 19:00:00,19.065396,72.879764
2016-06-09 17:00:00,19.065396,72.879764
2016-09-08 19:00:00,19.065396,72.879764
2016-08-11 18:25:00,19.065396,72.879764
2016-08-04 18:00:00,19.065396,72.879764
2016-02-11 18:00:00,19.065396,72.879764
2016-06-04 18:00:00,19.065396,72.879764
2016-09-08 09:00:00,19.065396,72.879764
2016-08-09 19:00:00,19.065396,72.879764
2016-01-11 06:00:00,19.065396,72.879764
2016-08-05 17:00:00,19.065396,72.879764
2016-08-10 00:00:00,19.065396,72.879764
2016-03-11 14:00:00,19.065396,72.879764
2016-08-08 20:00:00,19.065396,72.879764
2016-08-09 18:00:00,19.065396,72.879764
2016-10-10 19:00:00,19.022629,72.898427
2016-08-18 18:00:00,19.064169,72.898427
2016-07-09 11:00:00,19.065396,72.879764
2016-01-11 18:00:00,19.065396,72.879764
2016-07-10 18:00:00,19.065396,72.879764
2016-01-06 12:00:00,19.065396,72.879764
2016-07-10 20:00:00,19.065396,72.879764
2016-10-02 07:00:00,19.064169,72.898427
2016-05-03 15:00:00,19.105699,72.898427
2016-05-18 09:00:00,19.147219,72.94237199999998
2016-03-10 17:00:00,19.022629,72.85448199999998
2016-03-10 20:00:00,19.105699,72.898427
2016-10-15 16:00:00,19.105699,72.85448199999998
2016-10-24 20:00:00,19.064169,72.898427
2015-03-11 08:00:00,19.064169,72.85448199999998
2016-10-16 15:00:00,19.147219,72.85448199999998
2016-02-11 20:00:00,19.188728,72.94237199999998
2016-01-10 18:00:00,19.147219,72.94237199999998
2016-12-09 22:00:00,19.105699,72.810536
2016-10-03 22:00:00,19.022629,72.85448199999998
2016-07-27 22:00:00,19.105699,72.898427
2016-10-19 08:00:00,19.064169,72.85448199999998
2016-06-17 19:00:00,19.022629,72.85448199999998
2016-07-20 20:00:00,19.105699,72.85448199999998
2016-12-08 19:00:00,19.064169,72.85448199999998
2016-07-08 20:00:00,19.064169,72.898427
2016-05-10 10:00:00,19.188728,72.94237199999998
2016-07-05 22:00:00,19.064169,72.85448199999998
2016-07-11 10:43:00,19.105699,72.85448199999998
2016-05-10 18:00:00,18.981079,72.810536
2016-06-09 08:00:00,19.119855,72.84646
2016-06-09 08:00:00,19.099477,72.843965
2015-06-11 02:00:00,19.103123,72.842577
2016-06-03 02:00:00,19.202753,72.85280300000002
2016-05-10 11:00:00,19.108285,72.879286
2016-05-09 10:00:00,19.136325,72.82766
2016-05-21 20:00:00,19.084257,72.841972
2015-04-11 22:00:00,19.082957,72.84785500000002
2016-01-09 23:20:00,19.051078,72.82958
2016-02-09 23:00:00,19.051197,72.829512
2015-08-21 23:00:00,19.247851,72.861025
2016-08-10 09:00:00,19.120623,72.848493
2016-09-23 15:00:00,18.952496,72.837755
2016-09-23 15:00:00,18.961205,72.840048
2016-09-23 15:00:00,19.065112,72.87995699999998
2016-09-23 15:00:00,19.187239,72.848883
2016-09-23 15:00:00,19.210595,72.862487
2016-09-23 15:00:00,18.963675,72.81619
2016-09-23 15:00:00,19.009161,72.83760799999997
2016-09-23 15:00:00,18.96094,72.80964399999998
2016-09-23 15:00:00,19.028344,72.869804
2016-09-15 18:00:00,18.932245,72.826438
2016-08-16 19:00:00,19.078883,72.858395
2016-09-14 20:00:00,19.059984,72.889999
2016-08-14 22:00:00,19.079041,72.907988
2016-11-03 17:00:00,19.119855,72.84646
2016-12-07 03:00:00,19.104098,72.858215
2016-01-08 22:00:00,19.231178,72.858241
2016-03-14 06:00:00,19.087357,72.907262
2016-05-18 23:00:00,19.085151,72.886485
2016-10-09 14:00:00,19.065399,72.879807
2016-08-14 19:00:00,19.122152,72.890834
2016-03-14 16:00:00,19.113645,72.869734
2016-06-19 18:00:00,19.055559,72.837951
2016-01-09 10:00:00,19.141901,72.842074
2016-03-24 15:00:00,19.103052,72.846691
2016-03-14 10:00:00,19.115491,72.872695
2016-10-03 20:00:00,19.055685,72.902028
2016-09-14 13:00:00,19.062577,72.901253
2016-01-07 08:00:00,19.030132,72.839929
2016-02-08 10:00:00,19.062053,72.883436
2016-07-09 10:00:00,19.017916,72.84361899999998
2016-08-24 07:00:00,18.970949,72.846402
2016-08-14 22:00:00,19.216056,72.86715600000002
2016-08-14 20:00:00,19.063584,72.835101
2016-09-14 22:49:00,19.017923,72.843839
2016-03-09 17:54:00,19.033928,72.838522
2016-07-01 14:00:00,19.05637,72.830311
2016-08-15 22:00:00,19.05766,72.825878
2016-08-13 22:30:00,19.015352,72.857099
2016-07-28 21:13:00,19.075984,72.877656
2016-11-05 11:12:00,19.075984,72.877656
2016-05-21 22:15:00,19.099692,72.916312
2015-05-08 19:00:00,19.075984,72.877656
2016-07-25 10:30:00,19.019554,72.847638
2016-05-24 21:00:00,19.008238,72.81448499999998
2016-06-02 13:00:00,19.087038,72.90956
2016-07-28 17:00:00,19.226202,72.842607
2016-07-27 15:15:00,19.230809,72.838785
2016-04-24 18:00:00,18.932872,72.826084
2016-03-15 14:00:00,19.0328,72.896357
2016-12-01 18:00:00,19.074358,72.87085
2016-07-25 06:00:00,19.227289000000006,72.842867
2015-12-31 20:37:00,19.07235,72.90661800000002
2016-07-23 15:00:00,19.227332,72.84128199999998
2016-07-18 19:00:00,19.13022,72.821176
2016-02-20 12:00:00,19.132685,72.825438
2016-06-18 15:00:00,19.060692,72.83625
2016-06-01 20:00:00,19.075984,72.877656
2016-11-07 11:00:00,19.025186,72.85665999999998
2016-10-05 19:00:00,19.175252,72.795642
2016-09-03 21:00:00,19.224809,72.827761
2016-12-07 10:30:00,18.929671,72.826724
2016-10-05 14:00:00,19.112747,72.888382
2016-09-03 18:00:00,19.075984,72.877656
2016-09-01 14:00:00,19.047076,72.9315
2016-02-07 22:00:00,18.994203,72.825372
2016-12-04 23:00:00,19.227078,72.84125300000002
2016-05-21 19:00:00,19.080375,72.904145
2015-08-07 13:00:00,19.075984,72.877656
2016-05-05 09:00:00,19.151808,72.828509
2015-11-28 12:00:00,19.021324,72.84241800000002
2015-11-18 23:00:00,19.066455,72.822917
2016-06-27 18:00:00,19.227459,72.84255300000002
2016-04-24 16:00:00,18.935247,72.82594499999998
2016-06-16 18:00:00,19.113645,72.869734
2016-06-21 17:00:00,19.237188,72.84413599999998
2016-06-20 18:00:00,19.222491,72.86388000000002
2015-11-30 22:30:00,19.125703,72.820207
2016-04-16 12:00:00,18.935242,72.825912
2016-06-24 18:00:00,19.127738,72.83251899999998
2016-06-18 10:55:00,19.03383,72.838746
2016-06-19 12:00:00,19.211176,72.874741
2016-06-24 08:00:00,19.100785,72.83968399999998
2015-12-19 22:00:00,19.029851,72.83699399999998
2016-06-20 16:00:00,19.109626,72.823234
2016-01-06 15:00:00,19.075913,72.877677
2016-06-19 08:00:00,19.008868,72.857383
2016-03-06 13:58:00,19.124735,72.826438
2016-06-13 12:16:00,19.079062,72.907969
2016-06-13 12:06:00,19.079638,72.907012
2016-01-06 17:00:00,18.91606,72.826362
2016-10-06 13:04:00,19.079062,72.907969
2016-09-06 20:00:00,19.117247,72.91066500000002
2016-09-01 18:00:00,19.105699,72.898427
2016-02-06 18:00:00,19.064169,72.85448199999998
2016-04-14 18:00:00,19.105699,72.85448199999998
2016-05-21 19:00:00,19.105699,72.85448199999998
2016-04-06 17:00:00,19.022629,72.85448199999998
2016-04-22 17:00:00,18.981079,72.810536
2016-03-17 15:00:00,19.022629,72.898427
2016-05-20 18:00:00,19.064169,72.85448199999998
2016-01-06 17:00:00,19.022629,72.85448199999998
2016-10-03 11:00:00,19.023528,72.850001
2016-01-25 17:00:00,19.065386,72.879722
2016-04-06 13:38:00,19.105699,72.898427
2016-03-06 16:30:00,19.027731,72.846245
2016-03-06 20:00:00,19.075984,72.877656
2016-04-20 16:21:00,19.02007,72.843212
2016-05-13 16:20:00,18.947396,72.833877
2016-05-18 16:18:00,19.118704,72.90756999999998
2016-05-24 16:17:00,19.117301,72.88404
2016-05-26 16:16:00,19.027706,72.855035
2016-05-18 16:15:00,19.195482,72.837236
2016-04-28 16:13:00,19.155149,72.867855
2016-05-13 16:12:00,19.257357,72.86447700000002
2016-05-15 16:11:00,19.08848,72.834321
2016-01-06 16:10:00,19.175967,72.795047
2016-05-29 16:07:00,19.142701,72.84033199999998
2016-05-19 16:06:00,19.076277,72.8654
2016-05-19 20:00:00,19.188937,72.819696
2016-05-18 23:00:00,18.958435,72.80676700000002
2016-05-30 16:01:00,19.111353,72.865992
2016-05-22 22:00:00,19.125799,72.844848
2016-03-05 19:00:00,19.05392,72.83760799999997
2016-05-19 21:00:00,19.102329,72.836878
2016-04-28 19:00:00,19.03349,72.846237
2016-04-25 20:00:00,18.934274,72.832543
2016-05-19 20:00:00,19.095849,72.887684
2016-05-15 19:00:00,19.212325,72.875417
2016-04-27 21:00:00,19.097604,72.826428
2016-05-21 20:00:00,19.063431,72.890535
2016-08-05 19:00:00,18.992748,72.831068
2016-12-05 20:00:00,19.119855,72.84646
2016-08-05 19:00:00,18.943647,72.833085
2016-05-19 19:00:00,18.950754,72.802064
2016-11-05 19:00:00,19.020988,72.843724
2016-05-17 19:00:00,18.968083,72.808358
2016-03-05 15:25:00,18.930721,72.833085
2016-05-25 21:00:00,19.226961,72.844735
2015-09-19 14:00:00,19.064169,72.85448199999998
2016-11-02 11:00:00,19.064169,72.85448199999998
2016-04-13 13:00:00,19.105699,72.85448199999998
2016-12-05 12:00:00,19.064169,72.85448199999998
2016-03-17 13:00:00,19.064169,72.85448199999998
2016-01-06 16:00:00,19.229278,72.855412
2016-05-29 20:00:00,19.079573,72.87104699999998
2016-05-23 20:00:00,19.108245,72.871025
2016-05-29 18:00:00,19.052606,72.824202
2016-02-04 09:00:00,19.040613,72.84695
2016-04-06 09:00:00,19.046576,72.863086
2016-02-19 18:00:00,19.062416,72.84100600000002
2016-05-21 16:00:00,19.0772,72.878214
2015-10-26 22:00:00,19.064169,72.810536
2016-03-26 13:00:00,19.188728,72.810536
2016-05-16 20:00:00,18.971074,72.82375
2015-05-25 14:00:00,19.188728,72.85448199999998
2015-06-20 15:00:00,19.105699,72.85448199999998
2016-01-05 18:00:00,19.18738,72.847461
2016-04-02 20:09:00,19.064169,72.85448199999998
2016-11-02 19:00:00,18.931269,72.832339
2016-10-05 18:00:00,19.045629,72.821401
2015-12-24 22:00:00,19.054782,72.825806
2015-08-12 19:00:00,19.058907,72.843974
2016-10-05 18:00:00,18.992748,72.831068
2016-10-05 14:00:00,19.021669,72.837568
2016-08-02 14:00:00,19.022805,72.838598
2016-03-05 16:00:00,19.049868,72.83343
2016-02-05 16:00:00,19.119855,72.84646
2016-02-02 18:00:00,19.075984,72.877656
2015-08-07 18:00:00,19.113645,72.869734
2015-12-17 12:00:00,19.062383,72.82239399999997
2016-09-05 22:00:00,19.108168,72.85158299999998
2015-12-16 13:00:00,19.043205,72.893417
2015-11-25 17:00:00,18.962918,72.805388
2016-10-05 21:10:00,19.051572,72.834631
2016-02-14 10:00:00,19.017133,72.84254
2015-10-07 19:00:00,18.987202,72.82904599999998
2016-03-17 22:00:00,18.992748,72.831068
2016-03-15 19:00:00,19.136489,72.848871
2016-02-26 22:53:00,19.150966,72.883129
2015-09-17 22:49:00,19.150966,72.883129
2016-03-31 22:47:00,19.150966,72.883129
2016-01-15 19:00:00,19.037912,72.839772
2015-12-17 23:00:00,19.060692,72.83625
2015-10-14 11:00:00,19.098642,72.85029300000002
2015-11-13 19:00:00,19.095499,72.828055
2015-10-14 19:00:00,19.150966,72.883129
2015-10-09 13:00:00,19.150966,72.883129
2016-03-17 20:00:00,19.150966,72.883129
2016-02-05 22:11:00,19.074787,72.884211
2016-11-05 21:58:00,19.075984,72.877656
2016-04-05 17:20:00,19.186975,72.848298
2016-01-05 18:00:00,18.954624,72.813649
2016-04-30 21:00:00,18.971839000000006,72.843602
2016-07-03 17:02:00,18.906703,72.814712
2016-04-20 17:00:00,18.976602,72.832666
2016-03-05 21:00:00,18.948738,72.82888299999998
2016-02-05 18:00:00,18.948738,72.82888299999998
2016-04-15 18:00:00,18.948738,72.82888299999998
2016-02-05 21:00:00,18.964136,72.815
2016-02-05 21:00:00,18.964237,72.815021
2016-01-04 22:00:00,19.202571,72.849349
2016-09-05 10:00:00,19.019441,72.843212
2016-08-03 16:52:00,19.182755,72.840154
2016-04-30 16:49:00,19.098821,72.832072
2016-01-29 10:00:00,19.134487,72.866732
2015-11-11 19:25:00,19.115491,72.872695
2016-11-01 19:24:00,19.062333,72.88501
2016-01-14 20:00:00,19.136048,72.865842
2016-04-01 14:00:00,19.13392,72.86484399999998
2015-07-21 18:00:00,19.133859,72.864736
2016-04-19 06:00:00,19.229456,72.857597
2016-03-13 18:00:00,19.018078,72.84361899999998
2015-08-12 11:00:00,19.062383,72.82239399999997
2016-03-19 11:00:00,19.054793,72.840655
2016-01-16 20:00:00,19.113645,72.869734
2016-05-04 21:48:00,19.075984,72.877656
2016-03-28 20:00:00,19.060416,72.841548
2015-08-08 07:45:00,19.119855,72.84646
2016-04-02 18:00:00,19.056143,72.836247
2016-06-04 22:47:00,19.060692,72.83625
2016-03-28 08:00:00,19.018533,72.84222199999998
2016-02-15 20:00:00,19.055124,72.915465
2016-02-23 16:00:00,19.056342,72.8371
2016-01-04 20:06:00,19.01998,72.85413299999998
2016-01-04 20:01:00,19.190492000000006,72.86394200000002
2015-12-22 17:00:00,19.069843,72.84028599999998
2016-02-18 19:43:00,19.040208,72.85085
2015-12-21 19:39:00,19.119677,72.90508100000002
2016-07-03 19:30:00,19.051687,72.91948000000002
2016-07-03 19:30:00,19.055848,72.928159
2016-07-03 19:30:00,19.122152,72.890834
2016-03-18 02:00:00,18.93482,72.827388
2016-01-20 15:00:00,18.939349,72.836115
2015-12-13 18:00:00,19.119464,72.82016
2016-02-27 19:00:00,18.954334,72.812725
2016-01-21 17:00:00,18.956804,72.81268100000001
2015-05-21 21:00:00,19.134013,72.93799200000002
2015-11-28 13:00:00,18.973418,72.809211
2015-11-26 21:00:00,18.935288,72.82724300000002
2016-10-03 20:55:00,19.147219,72.85448199999998
2016-03-19 18:40:00,19.026571,72.83869399999998
2016-01-26 21:00:00,19.062383,72.82239399999997
2016-11-03 21:00:00,19.1132,72.909029
2016-10-03 20:00:00,19.112743,72.909995
2016-09-03 18:00:00,19.114214,72.911728
2016-09-03 18:00:00,19.113027,72.912173
2016-02-24 14:20:00,19.133317,72.864896
2015-09-29 14:00:00,19.134192,72.86561800000001
2015-11-06 14:00:00,19.133317,72.864896
2015-10-24 17:00:00,19.133317,72.864896
2015-07-21 20:00:00,19.133317,72.864896
2015-08-18 15:00:00,19.133317,72.864896
2015-07-15 14:00:00,19.133702,72.86412299999998
2015-09-24 18:00:00,19.133317,72.864896
2015-09-27 14:00:00,19.133317,72.864896
2015-09-07 17:00:00,19.133317,72.864896
2015-06-10 21:00:00,19.133317,72.864896
2015-09-18 19:00:00,19.133317,72.864896
2015-03-09 16:00:00,19.133317,72.864896
2015-07-09 15:46:00,19.133317,72.864896
2015-10-14 10:00:00,19.133317,72.864896
2015-10-09 18:00:00,19.133317,72.864896
2015-09-23 14:00:00,19.133317,72.864896
2015-09-23 18:00:00,19.133317,72.864896
2015-09-23 20:00:00,19.133317,72.864896
2015-09-23 17:00:00,19.133317,72.864896
2015-09-23 15:00:00,19.133669,72.864594
2015-09-18 18:00:00,19.134069,72.864559
2016-12-02 23:00:00,18.947294,72.796559
2016-11-02 18:00:00,18.947278,72.7966
2015-07-08 15:00:00,19.134006,72.866169
2015-09-23 16:00:00,19.126835,72.867011
2015-12-14 17:15:00,19.133661,72.863377
2015-11-26 15:00:00,19.132848000000006,72.86462399999998
2015-11-20 17:30:00,19.134079,72.86630600000002
2015-11-27 12:00:00,19.11764,72.850656
2015-08-12 17:00:00,19.12883,72.86895
2015-08-09 12:00:00,19.133767,72.86411
2015-11-19 17:00:00,19.133654,72.86359499999998
2015-12-10 20:00:00,19.135314,72.86518000000002
2015-12-17 18:30:00,18.935287,72.82724
2015-12-21 18:44:00,19.051221,72.82775500000002
2015-11-13 15:00:00,18.963675,72.81619
2015-11-20 10:00:00,19.060692,72.83625
2015-09-12 18:00:00,19.237188,72.84413599999998
2015-04-12 13:00:00,19.019441,72.843212
2016-01-27 18:00:00,18.969620000000006,72.80224799999998
2016-12-01 15:00:00,18.963618,72.806965
2015-10-13 15:00:00,18.967393,72.807865
2015-11-11 18:00:00,19.187258,72.84891999999998
2016-01-20 16:00:00,18.980414,72.835551
2016-12-01 15:00:00,18.96193,72.81254200000002
2015-06-15 15:00:00,19.080717,72.841587
2015-08-07 12:00:00,19.246164,72.85090600000002
2015-06-16 20:00:00,19.113645,72.869734
2016-01-23 10:57:00,19.113645,72.869734
2015-06-30 21:00:00,19.054793,72.840655
2015-08-10 19:00:00,18.96815,72.81224399999998
2015-06-17 19:00:00,19.060692,72.83625
2016-01-21 14:27:00,19.103052,72.846691
2015-07-21 19:00:00,19.209741,72.821235
2016-01-21 14:20:00,19.103052,72.846691
2016-01-21 14:16:00,19.103052,72.846691
2016-01-20 17:00:00,19.002599,72.819536
2016-01-21 14:06:00,18.986922,72.834912
2015-10-11 22:00:00,19.202271,72.818313
2016-10-01 21:00:00,19.171392,72.882124
2016-12-01 09:00:00,19.162934,72.839241
2016-12-01 19:00:00,19.081727,72.841015
2016-12-01 07:00:00,19.099287,72.844004
2016-12-01 22:38:00,19.061621,72.85417199999998
2016-12-01 18:00:00,19.222547,72.853531
2016-12-01 18:00:00,19.054793,72.840655
2016-12-01 16:00:00,19.028395,72.84679399999997
2016-12-01 15:00:00,19.119936,72.84660799999997
2016-12-01 19:00:00,19.222102,72.850965
2016-12-01 18:00:00,19.097056,72.826728
2016-12-01 15:00:00,18.953772,72.814542
2016-12-01 20:00:00,19.133386,72.828824
2016-12-01 20:00:00,19.222455,72.855581
2015-12-12 18:15:00,19.237188,72.84413599999998
2016-12-01 18:13:00,19.237188,72.84413599999998
2016-12-01 18:04:00,19.052111,72.828489
2015-12-11 07:00:00,19.054793,72.840655
2016-09-01 10:00:00,18.963385,72.81706
2016-09-01 10:00:00,18.963162,72.816542
2015-11-06 13:00:00,18.971467,72.809507
2015-11-09 18:00:00,19.10229,72.839331
2016-11-01 12:00:00,18.963709,72.816159
2016-11-01 12:00:00,18.962999,72.817575
2015-09-10 08:00:00,18.97059,72.807311
2015-08-12 13:16:00,18.929793,72.827432
2015-08-12 13:12:00,19.119027,72.851169
2015-08-12 13:07:00,19.07907,72.907976
2015-08-12 13:02:00,19.098821,72.832072
2015-05-29 12:55:00,19.070263,72.857155
2015-12-08 13:31:00,19.103485,72.836929
2015-04-11 18:00:00,19.018141,72.843574
2015-11-24 17:00:00,19.065457,72.83493100000003
2015-07-09 22:00:00,19.118401,72.907298
2015-02-11 17:00:00,19.102167,72.837815
2015-03-11 10:00:00,19.185755,72.85295
2015-07-09 08:00:00,19.054793,72.840655
2015-06-12 21:14:00,19.237188,72.84413599999998
2015-06-12 21:10:00,18.938152,72.83015
2015-06-06 23:00:00,19.111896,72.928247
2015-06-06 23:00:00,19.246164,72.85090600000002
2015-10-06 18:00:00,19.108613,72.852114
2015-06-12 19:59:00,19.060692,72.83625
2015-06-12 19:55:00,19.075984,72.877656
2015-06-12 19:52:00,19.077372,72.92034100000002
2015-06-12 19:50:00,19.136325,72.82766
2015-06-12 19:49:00,19.055491,72.832236
2015-06-12 19:41:00,18.971839000000006,72.843602
2015-06-12 19:04:00,19.084956,72.892877
2015-06-12 18:58:00,19.060062,72.83659300000002
2015-11-18 13:00:00,19.09621,72.850018
2015-08-23 20:00:00,19.201049,72.84349499999998
2015-06-12 18:55:00,19.115977,72.868833
2015-04-08 15:00:00,19.223743,72.86152
2015-10-17 19:00:00,19.097913,72.835255
2015-09-18 14:00:00,19.109592000000006,72.840749
2015-03-11 16:00:00,19.084936,72.898427
2015-09-29 19:00:00,19.106997,72.849675
2015-07-18 23:00:00,19.191322,72.856541
2015-09-09 14:00:00,19.182894,72.85113299999998
2015-10-14 19:00:00,19.060692,72.83625
2015-03-11 08:00:00,19.102755,72.83673
2015-11-20 07:00:00,19.127207,72.84620100000002
2015-05-06 20:00:00,19.183124,72.828771
2015-05-12 21:00:00,19.236686,72.873173
2015-05-21 19:00:00,19.183445000000006,72.83242800000002
2015-10-06 10:00:00,19.231178,72.858241
2015-05-09 18:00:00,19.064169,72.898427
2015-06-11 14:00:00,19.022629,72.898427
2015-09-17 20:00:00,19.022629,72.810536
2015-11-06 20:00:00,19.022629,72.85448199999998
2015-08-20 18:00:00,19.022629,72.898427
2015-04-11 15:00:00,19.064169,72.898427
2015-04-09 16:00:00,19.064169,72.85448199999998
2015-08-15 17:00:00,19.022629,72.898427
2015-08-22 16:00:00,19.105699,72.85448199999998
2015-09-26 20:00:00,19.022629,72.85448199999998
2015-06-18 16:00:00,19.022629,72.85448199999998
2015-07-17 18:00:00,19.064169,72.810536
2015-08-07 20:00:00,19.022629,72.898427
2015-08-14 21:00:00,19.064169,72.810536
2015-06-08 18:00:00,19.022629,72.85448199999998
2015-09-09 17:00:00,19.022629,72.85448199999998
2015-01-11 17:00:00,19.022629,72.898427
2015-09-16 17:00:00,19.105699,72.898427
2015-07-31 21:00:00,19.064169,72.85448199999998
2015-11-06 22:00:00,19.064169,72.810536
2015-06-10 14:00:00,19.105699,72.766591
2015-08-14 14:00:00,19.022629,72.85448199999998
2015-09-10 19:00:00,19.064169,72.898427
2015-10-14 10:00:00,19.105699,72.898427
2015-05-27 22:00:00,19.064169,72.85448199999998
2015-08-13 11:00:00,19.105699,72.898427
2015-12-09 14:00:00,19.064169,72.85448199999998
2015-06-30 08:00:00,18.935229,72.827232
2015-11-09 15:00:00,19.05461,72.840848
2015-08-09 14:00:00,18.969189,72.808814
2015-09-14 06:00:00,19.119852,72.846599
2015-08-18 15:00:00,19.019441,72.843212
2015-09-09 13:00:00,18.963612,72.816176
2015-08-13 18:00:00,19.173818,72.79740699999998
2015-06-14 13:00:00,19.179016,72.813503
2015-10-27 10:41:00,19.179084,72.8135
2015-10-27 10:25:00,19.199671,72.820525
2015-02-10 17:00:00,19.195086,72.818313
2015-10-15 01:36:00,19.064169,72.898427
2015-12-08 03:00:00,19.077444,72.87509200000002
2015-10-14 05:15:00,19.064169,72.85448199999998
2015-03-06 20:00:00,19.141068,72.824978
2015-08-15 18:00:00,18.951372,72.81896
2015-12-09 19:00:00,18.972096,72.823541
2015-01-10 19:00:00,19.064139,72.834876
2015-05-09 19:00:00,19.06362,72.835145
2015-08-10 02:00:00,18.969025,72.82052900000002
2015-10-15 21:00:00,19.186914,72.848877
2015-03-09 01:00:00,18.962918,72.805388
2015-10-10 17:00:00,18.971839000000006,72.843602
2015-10-21 18:05:00,18.940971,72.834654
2015-10-10 17:47:00,18.943584,72.82287099999998
2015-01-09 20:00:00,19.195421,72.83572
2015-09-30 17:00:00,18.9325,72.8317
2015-01-10 11:00:00,19.186914,72.848877
2015-10-13 16:56:00,18.971666,72.806259
2015-07-10 08:00:00,18.962999,72.817575
2015-10-15 22:00:00,19.198893,72.857263
2015-09-25 17:00:00,19.046871,72.823483
2015-09-25 17:00:00,19.021324,72.84241800000002
2015-09-25 14:00:00,18.966381,72.84420899999998
2015-09-25 14:00:00,19.156511,72.963773
2015-09-25 14:00:00,18.932245,72.826438
2015-11-09 13:00:00,18.971526,72.80666
2015-09-16 15:00:00,18.969559,72.809226
2015-09-09 19:00:00,19.00744,72.83592800000002
2015-07-20 17:00:00,19.029129,72.88722299999998
2015-09-15 08:22:00,19.075984,72.877656
2015-06-24 19:00:00,19.075913,72.877651
2015-08-30 13:00:00,19.099872,72.844717
2015-07-17 16:00:00,18.952732,72.817157
2015-11-09 15:00:00,19.018044,72.84362
2015-06-08 20:00:00,19.186021,72.846683
2015-11-09 21:00:00,19.228978,72.856814
2015-08-14 12:35:00,19.099608,72.84396600000002
2015-12-08 15:00:00,18.971467,72.809507
2015-07-16 17:00:00,18.955285,72.832951
2015-09-17 17:00:00,18.962918,72.805388
2015-09-25 12:00:00,18.971467,72.809507
2015-08-25 18:00:00,19.017655,72.857456
2015-08-27 14:00:00,18.956997,72.812969
2015-06-09 10:00:00,19.04065,72.84675
2015-05-08 10:00:00,19.228978,72.856814
2015-07-15 16:00:00,19.105699,72.85448199999998
2015-06-17 18:00:00,19.064169,72.898427
2015-08-27 14:00:00,18.981079,72.898427
2015-02-09 09:00:00,19.105699,72.94237199999998
2015-10-09 20:00:00,19.176153,72.960955
2015-06-09 18:00:00,19.022629,72.85448199999998
2015-11-06 15:00:00,18.967393,72.807886
2015-06-17 13:30:00,18.968947,72.803727
2015-05-09 22:00:00,19.190269,72.833639
2015-08-23 21:00:00,19.060547,72.822378
2015-07-16 15:00:00,19.144883,72.823779
2015-02-08 20:00:00,19.064169,72.898427
2015-11-07 18:00:00,19.064169,72.85448199999998
2015-07-14 18:00:00,19.064169,72.898427
2015-06-18 14:00:00,19.105699,72.898427
2015-12-06 14:00:00,19.064169,72.85448199999998
2015-08-15 08:00:00,19.105699,72.85448199999998
2015-01-08 18:00:00,19.064169,72.85448199999998
2015-09-08 17:00:00,19.105699,72.85448199999998
2015-07-19 17:00:00,19.064169,72.810536
2015-07-29 07:00:00,19.105699,72.898427
2015-02-08 14:00:00,19.105699,72.85448199999998
2015-01-08 20:00:00,19.064169,72.85448199999998
2015-06-17 18:00:00,19.105699,72.898427
2015-07-22 10:00:00,18.981079,72.898427
2015-07-24 16:00:00,19.147219,72.94237199999998
2015-01-08 08:00:00,19.064169,72.898427
2015-02-08 17:00:00,19.064169,72.810536
2015-11-08 18:00:00,19.022629,72.85448199999998
2015-05-21 22:00:00,19.064169,72.85448199999998
2015-05-22 17:00:00,19.064169,72.810536
2015-07-15 12:00:00,19.064169,72.898427
2015-07-08 16:00:00,19.105699,72.94237199999998
2015-06-17 07:00:00,19.105699,72.810536
2015-04-08 19:00:00,18.981079,72.898427
2015-04-08 08:00:00,19.105699,72.898427
2015-07-17 07:00:00,19.064169,72.85448199999998
2015-06-18 19:00:00,19.064169,72.85448199999998
2015-10-06 08:00:00,19.064169,72.898427
2015-07-23 15:00:00,19.105699,72.94237199999998
2015-05-08 10:00:00,18.981079,72.85448199999998
2015-05-08 10:00:00,19.105699,72.898427
2015-06-17 18:00:00,19.147219,72.85448199999998
2015-06-23 12:00:00,19.105699,72.85448199999998
2015-02-07 06:00:00,19.064169,72.85448199999998
2015-03-08 14:00:00,19.064169,72.85448199999998
2015-07-30 07:00:00,19.147219,72.85448199999998
2015-07-30 18:05:00,19.022629,72.85448199999998
2015-07-28 15:00:00,18.970783,72.83815799999998
2015-05-29 17:00:00,19.064169,72.898427
2015-06-17 16:00:00,19.064169,72.898427
2015-05-21 07:15:00,19.10775,72.89158
2015-03-08 20:30:00,19.105699,72.898427
2015-03-08 07:00:00,19.105699,72.85448199999998
2015-01-08 15:00:00,19.045452,72.858621
2015-05-30 20:53:00,19.064169,72.898427
2015-12-06 23:30:00,19.105699,72.898427
2015-02-08 08:00:00,19.147219,72.85448199999998
2015-07-20 07:00:00,19.064169,72.898427
2015-07-17 15:00:00,19.064169,72.898427
2015-07-17 15:00:00,19.105699,72.85448199999998
2015-11-06 07:00:00,19.105699,72.898427
2015-11-06 07:00:00,19.064169,72.85448199999998
2015-06-14 09:00:00,19.04275,72.926586
2015-01-16 21:00:00,18.934492,72.82521
2015-01-26 19:00:00,19.059473,72.828148
2014-11-03 08:30:00,19.017828,72.84432
2014-11-06 20:00:00,19.138937,72.930932
2013-11-29 23:00:00,18.939821,72.835468
2013-05-11 11:58:00,19.018043,72.84362
2014-05-22 09:10:00,19.143748,72.93882099999998
2015-09-03 23:30:00,19.25383,72.84958
2013-08-07 19:08:00,18.977731,72.827325
2013-02-09 13:00:00,19.091749,72.90168800000002
2014-02-13 10:00:00,19.064169,72.898427
2015-11-05 13:00:00,19.188728,72.85448199999998
2014-10-22 20:00:00,19.043707,72.862024
2014-07-15 17:00:00,19.045629,72.821401
2015-12-05 18:00:00,19.111896,72.928247
2014-04-12 07:00:00,19.091182,72.920864
2015-11-02 13:00:00,19.133869,72.86438199999998
2014-11-11 22:00:00,19.07907,72.907976
2014-08-13 22:00:00,19.054365,72.84407
2014-12-18 14:00:00,19.045183,72.81910500000002
2015-03-20 12:00:00,19.043907,72.818815
2015-03-02 07:00:00,18.935409,72.827275
2013-12-12 16:00:00,19.051572,72.834631
2014-05-09 19:00:00,19.019441,72.843212
2015-03-03 16:00:00,19.054729,72.826336
2013-12-06 04:00:00,19.048307,72.8202
2014-05-24 13:00:00,19.133317,72.864896
2014-10-04 21:00:00,19.133317,72.864896
2014-08-08 08:00:00,19.133317,72.864896
2014-09-24 16:00:00,19.133317,72.864896
2014-06-09 15:00:00,19.133317,72.864896
2014-08-19 10:00:00,19.133317,72.864896
2014-11-12 13:00:00,19.133391,72.864817
2014-11-11 18:00:00,19.133317,72.864896
2014-07-23 09:00:00,19.134107,72.86457
2014-09-10 16:30:00,19.131536,72.86285500000002
2014-12-03 18:00:00,19.13357,72.863629
2014-12-11 14:00:00,19.131379000000006,72.866206
2015-07-03 14:00:00,18.980277,72.814251
2015-07-01 21:00:00,18.965758,72.82605500000003
2015-02-28 21:00:00,18.987202,72.82904599999998
2015-04-03 07:00:00,19.103052,72.846691
2015-01-21 18:00:00,19.000232,72.818347
2015-10-02 07:00:00,19.196425,72.811148
2014-11-09 22:00:00,19.17187,72.95648100000003
2014-11-09 14:00:00,18.963594,72.816276
2015-11-02 13:00:00,18.971467,72.809507
2014-01-30 13:00:00,18.959726,72.836039
2014-10-08 21:00:00,18.935287,72.82724
2015-04-24 14:00:00,18.945724,72.823761
2015-01-21 14:20:00,19.103485,72.836929
2015-01-22 14:00:00,19.103485,72.836929
2015-11-02 11:00:00,19.111564,72.853237
2015-04-15 10:00:00,19.111564,72.853237
2013-06-12 20:00:00,19.237188,72.84413599999998
2015-10-01 23:00:00,19.084962,72.907905
2015-04-16 15:00:00,19.064169,72.898427
2014-09-26 15:00:00,19.061249,72.832509
2014-11-17 17:00:00,19.142678,72.85379499999998
2015-05-18 19:00:00,19.022629,72.898427
2013-12-23 19:00:00,19.022629,72.85448199999998
2014-07-16 18:00:00,19.064169,72.85448199999998
2014-12-29 20:00:00,19.064169,72.898427
2013-10-08 12:00:00,19.064169,72.810536
2014-12-13 21:00:00,19.064169,72.85448199999998
2015-03-14 17:00:00,19.022629,72.85448199999998
2014-12-12 14:00:00,19.064169,72.85448199999998
2015-02-27 15:00:00,19.147219,72.85448199999998
2015-03-04 19:00:00,19.064169,72.810536
2015-05-15 20:00:00,19.022629,72.810536
2014-11-10 07:00:00,19.105699,72.898427
2014-07-23 14:00:00,19.022629,72.898427
2015-09-01 14:00:00,19.022629,72.898427
2015-04-24 16:00:00,19.022629,72.85448199999998
2015-03-24 18:00:00,19.068789,72.870265
2015-08-04 17:00:00,18.943584,72.82287099999998
2015-05-13 12:00:00,19.015847,72.827997
2015-03-19 12:00:00,19.187113,72.79764899999998
2015-05-13 15:00:00,19.177042,72.810346
2015-04-01 07:15:00,19.169191,72.788177
2014-06-10 15:30:00,19.075984,72.877656
2014-04-03 15:00:00,19.084737,72.90854300000002
2014-12-15 19:00:00,19.075429,72.918364
2013-08-11 14:00:00,19.060671,72.90578000000002
2014-06-08 19:00:00,19.119897,72.846488
2015-02-18 23:00:00,18.946759,72.821228
2013-10-26 16:00:00,19.064169,72.898427
2014-05-26 10:00:00,19.022629,72.85448199999998
2015-01-15 16:00:00,19.064169,72.898427
2015-04-18 17:00:00,18.962351,72.818313
2014-09-25 16:00:00,19.064169,72.898427
2015-03-25 14:00:00,19.064169,72.898427
2013-02-12 08:00:00,19.064169,72.898427
2014-11-09 16:00:00,19.105699,72.898427
2015-01-25 08:00:00,19.064169,72.85448199999998
2013-12-19 15:00:00,18.981079,72.85448199999998
2015-02-25 19:00:00,19.076277,72.8654
2014-12-19 23:00:00,19.173919,72.840111
2015-01-19 15:00:00,19.082928,72.83435899999998
2015-01-14 23:00:00,19.064169,72.85448199999998
2013-12-25 23:00:00,19.022629,72.85448199999998
2015-08-05 14:00:00,19.064169,72.85448199999998
2013-07-08 08:00:00,19.064169,72.810536
2013-06-20 23:00:00,19.064169,72.85448199999998
2013-06-13 23:00:00,19.022629,72.898427
2013-11-11 18:00:00,19.064169,72.85448199999998
2014-04-13 10:00:00,19.064169,72.85448199999998
2015-12-05 14:00:00,19.045452,72.886087
2013-09-10 16:00:00,19.022629,72.85448199999998
2014-11-18 07:00:00,19.105699,72.85448199999998
2013-11-12 21:00:00,19.064169,72.85448199999998
2014-05-05 14:00:00,19.105699,72.85448199999998
2014-04-02 10:00:00,18.981079,72.898427
2014-08-14 18:00:00,19.105699,72.94237199999998
2014-12-18 16:00:00,19.064169,72.85448199999998
2015-02-17 17:00:00,19.022629,72.898427
2015-03-05 21:00:00,19.064169,72.85448199999998
2013-09-07 18:00:00,18.981079,72.85448199999998
2013-01-08 08:00:00,19.022629,72.898427
2013-09-08 18:00:00,19.105699,72.94237199999998
2014-07-16 14:00:00,19.105699,72.85448199999998
2015-05-15 16:00:00,19.064169,72.85448199999998
2013-06-20 18:00:00,19.064169,72.85448199999998
2014-04-06 09:00:00,19.064169,72.898427
2015-10-05 17:00:00,19.064169,72.898427
2014-01-25 19:00:00,19.064169,72.898427
2015-03-27 18:00:00,19.105699,72.898427
2015-05-13 07:00:00,19.064169,72.810536
2014-04-11 20:00:00,19.022629,72.85448199999998
2015-02-13 15:00:00,19.064169,72.898427
2015-05-14 18:00:00,19.105699,72.898427
2014-12-01 20:00:00,19.022629,72.85448199999998
2014-06-16 16:00:00,19.064169,72.898427
2014-11-13 18:00:00,19.064169,72.810536
2014-11-04 10:00:00,19.105699,72.85448199999998
2013-10-06 14:00:00,19.105699,72.85448199999998
2014-01-16 04:00:00,19.064169,72.85448199999998
2014-09-21 15:00:00,19.147219,72.94237199999998
2014-08-14 16:00:00,19.064169,72.898427
2015-02-13 07:00:00,19.064169,72.85448199999998
2015-05-04 15:00:00,19.105699,72.85448199999998
2014-08-06 22:00:00,19.022629,72.898427
2015-03-02 19:00:00,19.022629,72.98631800000003
2014-06-15 18:00:00,19.064169,72.898427
2013-07-22 14:00:00,19.022629,72.766591
2014-09-23 20:00:00,18.897946,72.898427
2014-07-13 18:00:00,19.064169,72.85448199999998
2015-04-15 11:30:00,19.022629,72.898427
2015-06-04 07:00:00,19.022629,72.898427
2014-12-18 18:00:00,19.105699,72.85448199999998
2014-04-14 08:00:00,19.064169,72.85448199999998
2015-05-13 16:00:00,19.064169,72.85448199999998
2015-12-03 18:00:00,19.064169,72.898427
2015-03-25 07:00:00,19.105699,72.810536
2015-11-01 09:45:00,19.064169,72.898427
2015-04-13 16:00:00,19.022629,72.898427
2014-05-07 19:00:00,19.064169,72.898427
2014-08-08 09:00:00,19.105699,72.85448199999998
2015-09-04 19:00:00,19.064169,72.85448199999998
2013-10-10 09:30:00,19.022629,72.85448199999998
2014-08-13 19:00:00,18.981079,72.85448199999998
2014-11-05 17:00:00,19.064169,72.85448199999998
2013-06-06 16:00:00,19.064169,72.898427
2015-02-18 16:00:00,19.064169,72.85448199999998
2014-03-18 18:00:00,19.105699,72.85448199999998
2015-10-02 07:00:00,19.105699,72.810536
2015-03-18 18:00:00,19.105699,72.85448199999998
2014-04-05 16:00:00,19.064169,72.898427
2015-04-13 20:00:00,19.105699,72.898427
2015-02-18 16:00:00,18.981079,72.85448199999998
2014-04-05 14:00:00,19.147219,72.94237199999998
2014-05-07 07:00:00,19.105699,72.898427
2014-10-11 15:00:00,19.105699,72.85448199999998
2015-10-04 20:30:00,19.147219,72.85448199999998
2014-07-16 14:15:00,19.105699,72.85448199999998
2015-02-28 15:00:00,19.064169,72.85448199999998
2015-08-03 21:00:00,19.105699,72.766591
2015-09-03 20:00:00,19.105699,72.85448199999998
2015-02-18 09:00:00,19.105699,72.85448199999998
2015-08-04 17:00:00,19.147219,72.85448199999998
2014-10-03 16:00:00,19.022629,72.85448199999998
2013-09-07 12:00:00,19.105699,72.9204
2014-04-24 22:00:00,19.064169,72.85448199999998
2014-08-14 16:00:00,18.981079,72.98631800000003
2015-03-27 14:00:00,19.105699,72.898427
2013-05-12 13:00:00,19.064169,72.85448199999998
2014-05-06 15:00:00,19.105699,72.810536
2015-03-20 20:00:00,18.916415,72.826722
2015-02-27 13:00:00,19.105699,72.898427
2014-05-22 04:00:00,19.145143,72.875722
2014-11-20 01:00:00,19.04376,72.886011
2015-04-13 01:34:00,19.001605,72.892634
2015-04-23 13:08:00,19.182755,72.840154
2015-02-03 01:00:00,19.171891,72.956409
2015-12-03 16:00:00,19.061504,72.836027
2014-08-08 03:00:00,18.970709,72.832116
2015-01-26 19:00:00,19.059568,72.82791999999998
2014-10-13 19:51:00,19.167407,72.8768
2014-07-10 02:00:00,18.985737,72.83788
2014-02-12 02:00:00,19.199821,72.84259399999998
2014-05-15 08:58:00,19.204516,72.852009
2014-11-18 15:57:00,19.237188,72.84413599999998
2014-10-14 18:56:00,19.040208,72.85085
2014-02-26 18:53:00,19.085649,72.908221
2014-05-21 20:52:00,19.085649,72.908221
2013-12-16 15:32:00,19.175547,72.972098
2014-06-12 20:28:00,19.204516,72.852009
2014-10-10 16:26:00,18.976501000000006,72.830016
2014-11-19 09:25:00,18.96149,72.839962
2014-12-11 09:23:00,18.985737,72.83788
2014-11-17 16:20:00,18.976501000000006,72.830016
2014-11-13 09:16:00,19.062577,72.901253
2013-12-15 09:30:00,18.94276,72.82848100000002
2014-09-25 08:55:00,18.951885,72.81881899999998
2014-05-08 20:53:00,19.035153,72.84044300000002
2014-07-11 15:51:00,19.017086,72.84106899999998
2014-06-18 08:47:00,19.065396,72.879764
2014-10-09 08:45:00,18.951885,72.81881899999998
2013-12-15 20:40:00,19.075984,72.877656
2014-09-09 22:37:00,18.997028,72.83119599999998
2014-11-25 15:35:00,19.162934,72.839241
2014-11-06 15:33:00,19.065396,72.879764
2014-03-26 11:32:00,19.065396,72.879764
2013-12-15 13:29:00,19.017086,72.84106899999998
2014-09-18 13:28:00,18.946386,72.834969
2014-09-10 13:23:00,19.239885,72.850809
2014-11-26 09:22:00,19.054793,72.840655
2014-07-24 16:17:00,19.201951,72.829509
2014-06-11 22:10:00,19.054793,72.840655
2014-07-17 15:08:00,19.119215,72.847039
2014-09-18 07:06:00,19.065396,72.879764
2014-07-15 22:05:00,18.951885,72.81881899999998
2013-06-26 16:30:00,19.075984,72.877656
2014-09-17 19:00:00,19.065396,72.879764
2014-06-18 00:51:00,19.075984,72.877656
2014-12-13 03:00:00,19.140246,72.812435
2014-04-16 15:23:00,18.912683,72.82129300000003
2014-03-09 19:21:00,19.051043,72.828314
2014-08-29 19:16:00,19.017086,72.84106899999998
2014-09-17 23:13:00,18.970715,72.81942099999998
2014-09-17 19:12:00,19.119464,72.82016
2014-08-27 19:09:00,19.098821,72.832072
2014-05-15 14:59:00,18.946386,72.834969
2014-01-21 21:57:00,19.060692,72.83625
2014-01-21 18:00:00,19.186788,72.848871
2014-09-10 18:30:00,18.968245,72.807349
2014-04-22 18:25:00,19.119464,72.82016
2014-10-21 19:17:00,19.017086,72.84106899999998
2014-08-26 00:16:00,19.075984,72.877656
2014-10-11 16:13:00,18.946386,72.834969
2014-07-15 19:08:00,19.075984,72.877656
2014-03-17 19:06:00,18.945724,72.823761
2014-08-08 18:58:00,18.970715,72.81942099999998
2014-03-02 19:36:00,18.906703,72.814712
2014-10-11 15:45:00,18.94276,72.82848100000002
2014-02-18 08:43:00,19.017086,72.84106899999998
2014-08-26 15:04:00,19.075984,72.877656
2014-01-28 18:30:00,19.028344,72.869804
2014-09-09 19:45:00,19.065011,72.823234
2014-01-31 22:43:00,19.110295,72.840969
2014-09-16 14:31:00,18.946386,72.834969
2014-07-16 07:45:00,18.971666,72.806259
2014-04-23 18:06:00,19.065396,72.879764
2014-02-20 18:58:00,19.054793,72.840655
2014-04-11 13:30:00,19.017086,72.84106899999998
2014-08-14 15:51:00,18.96497,72.80918299999998
2014-05-08 16:46:00,18.956404,72.81467099999998
2014-10-15 20:42:00,19.237188,72.84413599999998
2014-08-28 20:40:00,18.959751,72.837815
2014-10-14 16:35:00,19.149901,72.931134
2013-10-21 07:14:00,18.935721,72.824129
2013-11-20 17:40:00,18.968938,72.827176
2014-11-13 18:34:00,18.975658,72.81206999999998
2014-03-13 19:33:00,19.075984,72.877656
2013-11-20 18:29:00,19.17291,72.836012
2014-11-11 18:27:00,19.167789000000006,72.833333
2014-02-19 18:25:00,18.956404,72.81467099999998
2014-09-10 16:18:00,18.962999,72.817575
2014-10-14 06:30:00,19.046816,72.893445
2014-09-18 18:10:00,18.932229,72.827466
2014-01-16 21:08:00,19.054793,72.840655
2014-10-08 20:45:00,18.932229,72.827466
2014-04-24 18:12:00,19.246164,72.85090600000002
2014-08-27 15:07:00,19.054793,72.840655
2014-03-11 03:19:00,18.935579,72.824214
2014-10-14 14:31:00,19.075984,72.877656
2014-10-11 09:29:00,18.970715,72.81942099999998
2013-10-27 17:50:00,19.009161,72.83760799999997
2013-10-25 21:49:00,19.081509,72.837676
2013-10-25 17:48:00,19.246164,72.85090600000002
2013-10-22 20:47:00,19.078651,72.833554
2013-05-10 18:42:00,19.080731,72.841588
2013-04-10 16:41:00,18.950754,72.802064
2013-04-10 15:40:00,18.91,72.81
2013-09-30 20:39:00,19.080132,72.838321
2013-09-30 18:38:00,19.055848,72.928159
2013-09-29 20:37:00,18.91,72.81
2013-09-29 18:36:00,18.96497,72.80918299999998
2013-09-28 18:35:00,19.182755,72.840154
2013-09-28 12:34:00,19.237188,72.84413599999998
2013-09-28 20:33:00,19.074447,72.864102
2013-09-25 20:32:00,19.041214,72.861358
2013-09-29 20:29:00,19.054198,72.92344
2013-09-29 20:29:00,19.128204,72.928065
2014-01-09 20:28:00,18.939819,72.835193
2013-09-14 18:27:00,18.983117,72.816857
2013-09-14 17:24:00,18.998641,72.817365
2013-09-14 18:22:00,19.079638,72.907012
2013-09-14 17:21:00,19.015128,72.858064
2013-09-14 15:20:00,19.082555,72.841763
2013-09-14 20:16:00,19.060692,72.83625
2013-09-13 19:15:00,19.04684,72.862964
2013-12-09 16:12:00,18.935421,72.825175
2013-12-09 16:11:00,19.107637,72.865579
2013-12-09 20:10:00,19.136826,72.939562
2013-12-09 21:09:00,19.075984,72.877656
2013-12-09 20:07:00,18.997028,72.83119599999998
2013-12-09 12:18:00,19.064698,72.823175
2013-12-09 12:05:00,19.10421,72.824038
2013-11-09 12:04:00,19.01998,72.85413299999998
2013-11-09 15:03:00,19.0328,72.896357
2013-10-09 02:01:00,19.04684,72.862964
2013-09-09 19:58:00,19.113645,72.869734
2013-09-09 16:57:00,19.196344,72.80973399999998
2013-06-09 20:56:00,19.130752,72.936252
2013-05-09 17:55:00,19.119864,72.847233
2013-03-09 19:20:00,19.237188,72.84413599999998
2013-04-09 17:26:00,18.968063,72.844125
2013-04-09 14:52:00,18.985218,72.842652
2013-03-09 19:51:00,19.054793,72.840655
2013-03-09 19:48:00,18.983117,72.816857
2013-03-09 19:47:00,19.104834,72.92875
2013-03-09 15:57:00,18.987202,72.82904599999998
2013-03-09 11:30:00,19.182755,72.840154
2013-02-09 19:54:00,19.04684,72.862964
2013-02-09 17:39:00,19.028716,72.851208
2013-02-09 17:38:00,19.136325,72.82766
2013-02-09 17:37:00,19.175547,72.972098
2013-02-09 18:34:00,18.949759,72.829392
2013-08-29 18:32:00,19.182755,72.840154
2013-08-28 18:10:00,18.94179,72.83201899999997
2013-08-28 18:10:00,18.99,72.84
2013-08-28 18:07:00,19.055124,72.915465
2013-08-20 20:07:00,19.136325,72.82766
2013-08-20 16:06:00,18.99,72.84
2013-08-20 22:05:00,19.098821,72.832072
2013-08-20 16:04:00,18.963675,72.81619
2013-08-20 20:03:00,19.08973,72.90470400000002
2013-08-31 19:02:00,19.012105,72.858194
2013-08-20 20:01:00,19.015063,72.827799
2013-08-19 17:00:00,19.08973,72.90470400000002
2013-08-14 19:59:00,19.065308,72.879424
2013-08-16 21:58:00,19.01798,72.844763
2013-08-15 19:57:00,19.138041,72.86041
2013-08-14 19:56:00,19.075984,72.877656
2013-11-08 21:53:00,19.009913,72.842686
2013-12-08 21:52:00,19.056721,72.852886
2013-12-08 21:52:00,19.068789,72.870265
2013-12-08 18:51:00,18.963675,72.81619
2013-08-31 19:49:00,19.138041,72.86041
2013-09-08 18:48:00,19.115491,72.872695
2013-05-08 15:47:00,19.079764,72.89733000000003
2013-08-08 11:46:00,19.062756,72.854502
2013-03-08 21:45:00,19.149901,72.931134
2013-10-28 18:44:00,19.079521,72.897607
2013-06-11 21:41:00,19.062577,72.901253
2013-09-11 21:40:00,19.115491,72.872695
2013-10-11 10:36:00,19.110295,72.840969
2013-11-11 21:35:00,18.99,72.84
2013-12-11 21:34:00,19.03995,72.84146
2013-12-11 21:32:00,19.054793,72.840655
2013-11-26 21:32:00,19.111896,72.928247
2013-11-26 21:31:00,19.065308,72.879424
2013-11-27 11:29:00,19.203206,72.879924
2013-01-12 15:26:00,19.031249,72.839781
2013-12-19 21:26:00,18.935286,72.827269
2013-12-21 09:22:00,19.016339,72.840289
2013-12-27 19:21:00,19.015128,72.858064
2013-12-28 21:19:00,19.227998,72.855681
2014-01-06 19:18:00,19.062756,72.854502
2014-08-01 21:17:00,19.059309,72.83466999999997
2014-08-01 21:16:00,19.107637,72.865579
2014-09-01 12:14:00,18.969214,72.824407
2014-07-01 00:13:00,19.047587,72.86401
2014-08-31 21:12:00,19.082555,72.841763
2014-08-31 21:11:00,19.07937,72.85625999999998
2014-08-31 21:10:00,19.218514000000006,72.854141
2014-08-31 21:09:00,19.218514000000006,72.854141
2014-08-31 21:07:00,19.016905,72.828649
2014-02-06 21:05:00,19.039901,72.86581
2014-08-06 21:03:00,19.04,72.86
2014-09-06 11:02:00,19.04684,72.862964
2014-06-25 13:45:00,19.04684,72.862964
2014-08-25 13:56:00,19.059984,72.889999
2014-08-25 13:54:00,19.059984,72.889999
2014-06-08 13:51:00,19.07025,72.879245
2014-12-03 13:44:00,19.065308,72.879424
2014-08-25 13:39:00,19.059984,72.889999
2014-05-16 18:19:00,18.940971,72.834654
2014-06-08 16:56:00,18.940971,72.834654
2014-05-15 14:51:00,19.065308,72.879424
2014-01-24 18:44:00,18.914853,72.824846
2014-05-15 20:23:00,19.136747,72.868025
2014-01-08 17:30:00,19.065308,72.879424
2014-08-17 21:06:00,19.060692,72.83625
2014-03-02 18:13:00,19.138346,72.810102
2014-09-07 15:11:00,18.935721,72.824129
2014-10-08 18:09:00,19.060552,72.822386
2014-06-08 06:30:00,19.143473,72.834562
2014-10-06 12:30:00,19.098821,72.832072
2014-08-07 09:00:00,19.136325,72.82766
2014-10-08 21:58:00,19.07512,72.886806
2014-10-01 09:54:00,19.127355,72.827546
2014-05-21 08:38:00,18.940971,72.834654
2014-07-22 16:33:00,19.179636,72.942366
2014-09-07 16:12:00,19.054793,72.840655
2014-07-16 19:09:00,19.036389,72.9225
2013-07-11 15:08:00,19.065308,72.879424
2014-03-06 18:55:00,19.061982,72.900824
2014-07-22 09:52:00,19.069699,72.89160799999998
2014-02-19 19:45:00,19.175369,72.952865
2014-03-02 18:41:00,19.049383,72.876286
2014-03-13 17:29:00,18.940971,72.834654
2014-12-02 14:26:00,18.940971,72.834654
2014-06-07 22:47:00,19.082231,72.842621
2013-09-27 07:05:00,19.123834,72.826308
2014-06-01 08:00:00,19.123834,72.826308
2014-01-04 00:58:00,19.065819,72.889993
2014-07-02 13:07:00,19.052276000000006,72.881904
2013-11-12 15:24:00,19.055229,72.83082900000002
2013-11-19 22:58:00,19.058637,72.825841
2013-11-20 20:56:00,19.057179,72.82554
2013-10-24 13:54:00,18.920504,72.83041300000002
2013-06-10 08:15:00,19.098821,72.832072
2013-09-19 18:15:00,19.055124,72.915465
2013-08-29 08:07:00,19.098821,72.832072
2013-08-28 20:15:00,19.100676,72.848434
2013-08-25 18:30:00,18.968417,72.84348
2013-05-21 13:34:00,19.140108,72.803172
2012-11-12 23:00:00,18.981079,72.85448199999998
2013-06-03 00:30:00,19.071974,72.87862700000002
2012-04-10 21:59:00,19.147219,72.85448199999998
2013-09-04 20:01:00,19.075984,72.877656
2011-08-08 09:00:00,19.020988,72.843724
2011-08-07 18:00:00,19.085545,72.837928
2011-12-21 17:45:00,19.051572,72.834631
2013-06-05 21:00:00,19.022629,72.898427
2012-09-01 09:00:00,19.10229,72.839331
2013-10-05 16:00:00,19.022629,72.898427
2012-03-03 19:00:00,19.022629,72.898427
2012-12-14 18:00:00,19.064169,72.85448199999998
2011-09-25 20:00:00,19.022629,72.85448199999998
2012-06-06 15:00:00,19.022629,72.85448199999998
2012-11-19 19:00:00,19.064169,72.898427
2013-03-25 21:00:00,19.105699,72.85448199999998
2012-12-13 19:00:00,19.022629,72.898427
2012-09-04 18:00:00,19.147219,72.85448199999998
2013-03-20 08:00:00,19.022629,72.810536
2012-07-09 07:00:00,19.105699,72.810536
2013-05-15 18:00:00,19.064169,72.898427
2012-09-18 22:00:00,19.147219,72.85448199999998
2012-06-20 16:00:00,19.064169,72.85448199999998
2012-06-13 21:20:00,19.064169,72.85448199999998
2011-08-13 14:00:00,19.064169,72.810536
2012-03-16 17:38:00,19.022629,72.898427
2011-12-16 15:29:00,19.018911,72.840457
2012-02-12 15:49:00,18.906703,72.814712
2012-07-17 18:49:00,19.228978,72.856814
2011-11-20 15:36:00,18.96497,72.80918299999998
2011-11-20 15:59:00,19.098821,72.832072
2012-11-20 15:18:00,19.228978,72.856814
2012-02-09 17:00:00,18.99032,72.82169499999998
2012-08-25 13:59:00,19.059984,72.889999
2011-08-25 10:57:00,19.059984,72.889999
2011-08-24 18:48:00,19.075984,72.877656
2012-10-08 09:56:00,19.124714,72.82721
2011-07-08 13:06:00,19.161247,72.93769499999998
2012-10-01 15:33:00,18.9037,72.81314300000003
2013-08-01 20:30:00,19.194766,72.87684
2013-01-01 15:29:00,19.18618,72.841578
2012-08-25 14:00:00,18.93855,72.832346
2013-10-04 10:47:00,18.957828,72.82567
2011-07-07 10:14:00,19.075249,72.877014
2013-02-14 16:00:00,19.075984,72.877656
2013-05-17 13:10:00,19.075984,72.877656
2013-02-26 13:46:00,19.04144,72.902068
2013-02-17 10:01:00,19.131754,72.811701
2013-01-16 15:59:00,18.951566,72.818637
2013-01-16 12:37:00,19.117137,72.846547
2013-01-15 13:55:00,19.048148,72.825016
2013-12-01 13:25:00,19.118655,72.828711
2013-08-01 11:19:00,19.145199,72.82888299999998
2013-07-01 13:31:00,19.209738,72.87370200000002
2013-05-01 11:52:00,19.075984,72.877656
2013-04-01 12:51:00,19.129738,72.829155
2013-04-01 12:04:00,19.129738,72.829155
2013-04-01 11:24:00,19.13198,72.814465
2013-03-01 01:05:00,19.016027,72.85884
2013-02-01 13:31:00,19.075984,72.877656
2013-01-01 13:36:00,19.093192,72.82780600000002
2012-11-16 13:24:00,19.0162,72.8401
2012-12-26 10:45:00,18.96149,72.839962
2012-12-26 01:19:00,19.200527,72.82042
2012-12-26 01:07:00,19.113996,72.83656500000002
2012-12-25 01:48:00,19.055229,72.83082900000002
2008-11-06 10:06:00,19.000258,72.823814
2008-11-06 10:03:00,19.000258,72.823814
2011-04-03 21:00:00,18.939821,72.835468
2010-01-29 18:00:00,18.939821,72.835468
2009-09-08 15:14:00,19.075984,72.877656
2009-11-21 19:00:00,19.054793,72.840655
2010-03-10 11:00:00,19.202805,72.852436
2010-07-09 18:00:00,18.97039,72.804385
2011-03-29 20:00:00,19.105699,72.85448199999998
2009-09-24 19:28:00,19.064169,72.810536
2008-08-10 13:25:00,19.247498,72.85524000000002
2010-08-13 16:14:00,19.125799,72.844848
2008-11-29 15:28:00,19.019633,72.836451
2009-03-11 18:19:00,19.195491,72.83751600000002
2008-10-09 07:07:00,19.195491,72.83751600000002
2008-11-11 16:57:00,18.906703,72.814712
2008-08-25 13:42:00,19.059984,72.889999
2008-08-25 13:36:00,19.059984,72.889999
2010-08-24 22:19:00,18.940971,72.834654
2006-07-13 14:00:00,19.124735,72.826438
2007-08-30 14:00:00,19.117613,72.848098
2007-09-19 14:00:00,19.117593,72.848098
2006-11-29 19:02:00,19.07647,72.877769
2006-07-11 15:00:00,19.018043,72.84362
2007-11-21 20:00:00,19.018043,72.84362
2006-09-08 21:09:00,19.075984,72.877656
2007-09-16 07:00:00,19.047871,72.822248
2008-04-30 18:00:00,19.054793,72.840655
2007-05-08 19:00:00,19.064169,72.85448199999998
2008-04-16 15:00:00,19.105699,72.85448199999998
2007-08-11 18:00:00,19.105699,72.85448199999998
2007-09-16 19:39:00,19.210831,72.874741
2006-08-24 23:11:00,19.075984,72.877656
2006-01-29 19:12:00,19.074533,72.871289
2005-07-04 21:59:00,19.064169,72.766591
2005-10-06 18:00:00,19.064169,72.898427
2004-11-28 19:40:00,19.115491,72.872695
2002-07-08 14:54:00,19.156511,72.963773
2017-10-23 21:53:00,19.22792,72.86464000000002
2017-10-26 23:50:00,19.22792,72.86464000000002
2017-10-07 12:34:00,19.23497,72.85508
2017-10-24 00:00:00,19.23497,72.85508
2017-11-14 08:00:00,19.22792,72.86464000000002
2017-10-23 20:00:00,19.22772,72.85571
2017-11-14 03:00:00,19.22792,72.86464000000002
2017-11-14 02:00:00,19.22792,72.86464000000002
2017-11-14 00:00:00,19.22792,72.86464000000002
2017-10-31 13:00:00,19.22772,72.85571
2017-11-08 03:56:00,19.22792,72.86464000000002
2017-10-17 13:45:00,19.22792,72.86464000000002
2017-11-04 00:54:00,19.22792,72.86464000000002
2017-10-01 01:50:00,19.22792,72.86464000000002
2017-10-19 00:00:00,19.119889999999998,72.84804
2017-11-04 02:30:00,19.119889999999998,72.84804
2017-09-14 00:00:00,19.119889999999998,72.84804
2017-11-01 12:00:00,19.06295,72.83915
2017-09-27 23:30:00,19.119889999999998,72.84804
2017-09-13 23:30:00,19.119889999999998,72.84804
2017-09-15 00:00:00,19.119889999999998,72.84804
2017-10-20 16:30:00,19.06295,72.83915
2017-10-09 12:00:00,19.119889999999998,72.84804
2017-11-03 00:00:00,19.119889999999998,72.84804
2017-10-19 02:30:00,19.119889999999998,72.84804
2017-10-17 13:30:00,19.119889999999998,72.84804
2017-10-18 00:00:00,19.119889999999998,72.84804
2017-09-18 12:00:00,19.109189999999998,72.85385
2017-10-26 00:00:00,19.109189999999998,72.85385
2017-10-11 00:00:00,19.109189999999998,72.85385
2017-10-20 14:30:00,19.119889999999998,72.84804
2017-09-13 12:00:00,19.119889999999998,72.84804
2017-10-16 12:00:00,19.119889999999998,72.84804
2017-11-11 20:00:00,19.109189999999998,72.85385
2017-09-21 00:00:00,19.06295,72.83915
2017-10-17 12:00:00,19.109189999999998,72.85385
2017-10-12 00:00:00,19.119889999999998,72.84804
2017-09-20 00:30:00,19.119889999999998,72.84804
2017-09-19 14:00:00,19.119889999999998,72.84804
2017-11-11 00:53:00,19.22772,72.85571
2017-11-11 00:40:00,19.22772,72.85571
2017-11-11 00:38:00,19.23497,72.85508
2017-11-11 00:36:00,19.22792,72.86464000000002
2017-11-11 00:30:00,19.23497,72.85508
2017-11-11 00:29:00,19.22772,72.85571
2017-11-11 00:25:00,19.22792,72.86464000000002
2017-09-12 00:00:00,19.164460000000002,72.84015
2017-10-03 10:00:00,19.16498,72.8473
2017-09-29 00:00:00,19.16498,72.8473
